GHO (CODE),GHO (DISPLAY),GHO (URL),YEAR (DISPLAY),STARTYEAR,ENDYEAR,REGION (CODE),REGION (DISPLAY),COUNTRY (CODE),COUNTRY (DISPLAY),DIMENSION (TYPE),DIMENSION (CODE),DIMENSION (NAME),Numeric,Value,Low,High
MALARIA_EST_INCIDENCE,Estimated malaria incidence (per 1000 population at risk),https://www.who.int/data/gho/data/indicators/indicator-details/GHO/malaria-incidence-%28per-1-000-population-at-risk%29,2020,2020,2020,AFR,Africa,ZWE,Zimbabwe,,,,94.29687221,94.30 [56.56-135.92],56.56121918,135.9160272
MALARIA_EST_MORTALITY,Estimated malaria mortality rate (per 100 000 population),https://www.who.int/data/gho/data/indicators/indicator-details/GHO/estimated-malaria-mortality-rate-per-100-000-population,2008,2008,2008,AFR,Africa,ZWE,Zimbabwe,,,,17.27688805,17.28 [2.72-41.72],2.723829287,41.71785382
MALARIA_IMPORTED,Number of imported malaria cases,https://www.who.int/data/gho/data/indicators/indicator-details/GHO/number-of-imported-malaria-cases,2023,2023,2023,AFR,Africa,ZWE,Zimbabwe,,,,2545.0,2545,,
MALARIA_EST_INCIDENCE,Estimated malaria incidence (per 1000 population at risk),https://www.who.int/data/gho/data/indicators/indicator-details/GHO/malaria-incidence-%28per-1-000-population-at-risk%29,2009,2009,2009,AFR,Africa,ZWE,Zimbabwe,,,,73.81939894,73.82 [28.79-130.19],28.79357902,130.1944818
MALARIA_PRES_CASES,Number of presumed malaria cases,https://www.who.int/data/gho/data/indicators/indicator-details/GHO/number-of-presumed-malaria-cases,2023,2023,2023,AFR,Africa,ZWE,Zimbabwe,,,,0.0,0,,
MALARIA_PF_INDIG,Number of indigenous P. falciparum malaria cases,https://www.who.int/data/gho/data/indicators/indicator-details/GHO/number-of-indigenous-p.-falciparum-malaria-cases,2016,2016,2016,AFR,Africa,ZWE,Zimbabwe,,,,316631.0,316 631,,
MALARIA_PRES_CASES,Number of presumed malaria cases,https://www.who.int/data/gho/data/indicators/indicator-details/GHO/number-of-presumed-malaria-cases,2024,2024,2024,AFR,Africa,ZWE,Zimbabwe,,,,0.0,0,,
MALARIA_EST_MORTALITY,Estimated malaria mortality rate (per 100 000 population),https://www.who.int/data/gho/data/indicators/indicator-details/GHO/estimated-malaria-mortality-rate-per-100-000-population,2007,2007,2007,AFR,Africa,ZWE,Zimbabwe,,,,42.90704663,42.91 [13.58-91.40],13.57830486,91.39989447
MALARIA_EST_MORTALITY,Estimated malaria mortality rate (per 100 000 population),https://www.who.int/data/gho/data/indicators/indicator-details/GHO/estimated-malaria-mortality-rate-per-100-000-population,2003,2003,2003,AFR,Africa,ZWE,Zimbabwe,,,,26.25606295,26.26 [4.81-74.08],4.806344146,74.07708485
MALARIA_EST_INCIDENCE,Estimated malaria incidence (per 1000 population at risk),https://www.who.int/data/gho/data/indicators/indicator-details/GHO/malaria-incidence-%28per-1-000-population-at-risk%29,2006,2006,2006,AFR,Africa,ZWE,Zimbabwe,,,,102.5885008,102.59 [23.54-257.51],23.53679702,257.5137757
MALARIA_CONF_CASES,Number of confirmed malaria cases,https://www.who.int/data/gho/data/indicators/indicator-details/GHO/number-confirmed-malaria-cases,2021,2021,2021,AFR,Africa,ZWE,Zimbabwe,,,,133137.0,133 137,,
MALARIA_SUSPECTS,Number of suspected malaria cases,https://www.who.int/data/gho/data/indicators/indicator-details/GHO/number-of-suspected-malaria-cases,2018,2018,2018,AFR,Africa,ZWE,Zimbabwe,,,,1293392.0,1 293 392,,
MALARIA_EST_INCIDENCE,Estimated malaria incidence (per 1000 population at risk),https://www.who.int/data/gho/data/indicators/indicator-details/GHO/malaria-incidence-%28per-1-000-population-at-risk%29,2014,2014,2014,AFR,Africa,ZWE,Zimbabwe,,,,97.70572,97.71 [72.11-124.84],72.10578965,124.8368032
MALARIA_TOTAL_CASES,Total number of  malaria cases (presumed + confirmed cases),https://www.who.int/data/gho/data/indicators/indicator-details/GHO/total-number-of-malaria-cases-presumed-confirmed-cases,2015,2015,2015,AFR,Africa,ZWE,Zimbabwe,,,,484794.0,484 794,,
MALARIA_PRES_CASES,Number of presumed malaria cases,https://www.who.int/data/gho/data/indicators/indicator-details/GHO/number-of-presumed-malaria-cases,2021,2021,2021,AFR,Africa,ZWE,Zimbabwe,,,,0.0,0,,
MALARIA_SUSPECTS,Number of suspected malaria cases,https://www.who.int/data/gho/data/indicators/indicator-details/GHO/number-of-suspected-malaria-cases,2017,2017,2017,AFR,Africa,ZWE,Zimbabwe,,,,1828301.0,1 828 301,,
MALARIA_PRES_CASES,Number of presumed malaria cases,https://www.who.int/data/gho/data/indicators/indicator-details/GHO/number-of-presumed-malaria-cases,2022,2022,2022,AFR,Africa,ZWE,Zimbabwe,,,,0.0,0,,
MALARIA_EST_MORTALITY,Estimated malaria mortality rate (per 100 000 population),https://www.who.int/data/gho/data/indicators/indicator-details/GHO/estimated-malaria-mortality-rate-per-100-000-population,2021,2021,2021,AFR,Africa,ZWE,Zimbabwe,,,,7.042282394,7.04 [2.63-13.47],2.628797195,13.47359052
MALARIA_SUSPECTS,Number of suspected malaria cases,https://www.who.int/data/gho/data/indicators/indicator-details/GHO/number-of-suspected-malaria-cases,2020,2020,2020,AFR,Africa,ZWE,Zimbabwe,,,,1389065.0,1 389 065,,
MALARIA_SUSPECTS,Number of suspected malaria cases,https://www.who.int/data/gho/data/indicators/indicator-details/GHO/number-of-suspected-malaria-cases,2023,2023,2023,AFR,Africa,ZWE,Zimbabwe,,,,1197321.0,1 197 321,,
MALARIA_EST_INCIDENCE,Estimated malaria incidence (per 1000 population at risk),https://www.who.int/data/gho/data/indicators/indicator-details/GHO/malaria-incidence-%28per-1-000-population-at-risk%29,2013,2013,2013,AFR,Africa,ZWE,Zimbabwe,,,,78.2694755,78.27 [55.67-102.49],55.66515126,102.4878134
MALARIA_INDIG,Number of indigenous malaria cases,https://www.who.int/data/gho/data/indicators/indicator-details/GHO/number-of-indigenous-malaria-cases,2024,2024,2024,AFR,Africa,ZWE,Zimbabwe,,,,56058.0,56 058,,
MALARIA_PRES_CASES,Number of presumed malaria cases,https://www.who.int/data/gho/data/indicators/indicator-details/GHO/number-of-presumed-malaria-cases,2019,2019,2019,AFR,Africa,ZWE,Zimbabwe,,,,0.0,0,,
MALARIA_MICR_POS,Number of malaria positive cases by microscopy,https://www.who.int/data/gho/data/indicators/indicator-details/GHO/number-of-malaria-positive-cases-by-microscopy,2018,2018,2018,AFR,Africa,ZWE,Zimbabwe,,,,2771.0,2771,,
MALARIA_IMPORTED,Number of imported malaria cases,https://www.who.int/data/gho/data/indicators/indicator-details/GHO/number-of-imported-malaria-cases,2018,2018,2018,AFR,Africa,ZWE,Zimbabwe,,,,672.0,672,,
MALARIA_EST_INCIDENCE,Estimated malaria incidence (per 1000 population at risk),https://www.who.int/data/gho/data/indicators/indicator-details/GHO/malaria-incidence-%28per-1-000-population-at-risk%29,2004,2004,2004,AFR,Africa,ZWE,Zimbabwe,,,,102.5885158,102.59 [21.98-251.45],21.9836088,251.4467883
MALARIA_EST_MORTALITY,Estimated malaria mortality rate (per 100 000 population),https://www.who.int/data/gho/data/indicators/indicator-details/GHO/estimated-malaria-mortality-rate-per-100-000-population,2024,2024,2024,AFR,Africa,ZWE,Zimbabwe,,,,2.908762429,2.91 [1.08-5.60],1.076471135,5.596122994
MALARIA_CONF_CASES,Number of confirmed malaria cases,https://www.who.int/data/gho/data/indicators/indicator-details/GHO/number-confirmed-malaria-cases,2015,2015,2015,AFR,Africa,ZWE,Zimbabwe,,,,484794.0,484 794,,
MALARIA_RDT_POS,Number of malaria positive cases by rapid diagnostic test (RDT),https://www.who.int/data/gho/data/indicators/indicator-details/GHO/number-of-malaria-positive-cases-by-rapid-diagnostic-test-rdt,2015,2015,2015,AFR,Africa,ZWE,Zimbabwe,,,,482379.0,482 379,,
MALARIA_EST_MORTALITY,Estimated malaria mortality rate (per 100 000 population),https://www.who.int/data/gho/data/indicators/indicator-details/GHO/estimated-malaria-mortality-rate-per-100-000-population,2012,2012,2012,AFR,Africa,ZWE,Zimbabwe,,,,13.93308461,13.93 [5.72-25.33],5.716608595,25.32976882
MALARIA_EST_MORTALITY,Estimated malaria mortality rate (per 100 000 population),https://www.who.int/data/gho/data/indicators/indicator-details/GHO/estimated-malaria-mortality-rate-per-100-000-population,2010,2010,2010,AFR,Africa,ZWE,Zimbabwe,,,,26.71786863,26.72 [9.66-53.32],9.660268514,53.32282811
MALARIA_TOTAL_CASES,Total number of  malaria cases (presumed + confirmed cases),https://www.who.int/data/gho/data/indicators/indicator-details/GHO/total-number-of-malaria-cases-presumed-confirmed-cases,2019,2019,2019,AFR,Africa,ZWE,Zimbabwe,,,,308173.0,308 173,,
MALARIA_EST_MORTALITY,Estimated malaria mortality rate (per 100 000 population),https://www.who.int/data/gho/data/indicators/indicator-details/GHO/estimated-malaria-mortality-rate-per-100-000-population,2000,2000,2000,AFR,Africa,ZWE,Zimbabwe,,,,26.2597947,26.26 [4.92-75.10],4.922777088,75.09831404
MALARIA_MICR_TEST,Number of malaria suspects examined by microscopy,https://www.who.int/data/gho/data/indicators/indicator-details/GHO/number-of-malaria-suspects-examined-by-microscopy,2015,2015,2015,AFR,Africa,ZWE,Zimbabwe,,,,55192.0,55 192,,
MALARIA_EST_INCIDENCE,Estimated malaria incidence (per 1000 population at risk),https://www.who.int/data/gho/data/indicators/indicator-details/GHO/malaria-incidence-%28per-1-000-population-at-risk%29,2018,2018,2018,AFR,Africa,ZWE,Zimbabwe,,,,53.61458214,53.61 [33.18-75.77],33.18225113,75.77238244
MALARIA_IMPORTED,Number of imported malaria cases,https://www.who.int/data/gho/data/indicators/indicator-details/GHO/number-of-imported-malaria-cases,2024,2024,2024,AFR,Africa,ZWE,Zimbabwe,,,,614.0,614,,
MALARIA_PF_INDIG,Number of indigenous P. falciparum malaria cases,https://www.who.int/data/gho/data/indicators/indicator-details/GHO/number-of-indigenous-p.-falciparum-malaria-cases,2017,2017,2017,AFR,Africa,ZWE,Zimbabwe,,,,471030.0,471 030,,
MALARIA_PF_INDIG,Number of indigenous P. falciparum malaria cases,https://www.who.int/data/gho/data/indicators/indicator-details/GHO/number-of-indigenous-p.-falciparum-malaria-cases,2022,2022,2022,AFR,Africa,ZWE,Zimbabwe,,,,141076.0,141 076,,
MALARIA_EST_INCIDENCE,Estimated malaria incidence (per 1000 population at risk),https://www.who.int/data/gho/data/indicators/indicator-details/GHO/malaria-incidence-%28per-1-000-population-at-risk%29,2016,2016,2016,AFR,Africa,ZWE,Zimbabwe,,,,66.16057787,66.16 [43.35-91.47],43.35376824,91.47365345
MALARIA_EST_INCIDENCE,Estimated malaria incidence (per 1000 population at risk),https://www.who.int/data/gho/data/indicators/indicator-details/GHO/malaria-incidence-%28per-1-000-population-at-risk%29,2023,2023,2023,AFR,Africa,ZWE,Zimbabwe,,,,49.39604595,49.40 [29.51-70.61],29.50589926,70.61433082
MALARIA_EST_INCIDENCE,Estimated malaria incidence (per 1000 population at risk),https://www.who.int/data/gho/data/indicators/indicator-details/GHO/malaria-incidence-%28per-1-000-population-at-risk%29,2008,2008,2008,AFR,Africa,ZWE,Zimbabwe,,,,67.50863158,67.51 [13.87-134.15],13.86529309,134.1538402
MALARIA_SUSPECTS,Number of suspected malaria cases,https://www.who.int/data/gho/data/indicators/indicator-details/GHO/number-of-suspected-malaria-cases,2015,2015,2015,AFR,Africa,ZWE,Zimbabwe,,,,1693630.0,1 693 630,,
MALARIA_EST_MORTALITY,Estimated malaria mortality rate (per 100 000 population),https://www.who.int/data/gho/data/indicators/indicator-details/GHO/estimated-malaria-mortality-rate-per-100-000-population,2002,2002,2002,AFR,Africa,ZWE,Zimbabwe,,,,26.25511864,26.26 [4.63-74.35],4.633256231,74.3548322
MALARIA_EST_INCIDENCE,Estimated malaria incidence (per 1000 population at risk),https://www.who.int/data/gho/data/indicators/indicator-details/GHO/malaria-incidence-%28per-1-000-population-at-risk%29,2022,2022,2022,AFR,Africa,ZWE,Zimbabwe,,,,28.90136636,28.90 [17.37-41.30],17.37074701,41.30337737
MALARIA_EST_INCIDENCE,Estimated malaria incidence (per 1000 population at risk),https://www.who.int/data/gho/data/indicators/indicator-details/GHO/malaria-incidence-%28per-1-000-population-at-risk%29,2010,2010,2010,AFR,Africa,ZWE,Zimbabwe,,,,104.3780603,104.38 [56.77-166.06],56.77171274,166.0582092
MALARIA_EST_MORTALITY,Estimated malaria mortality rate (per 100 000 population),https://www.who.int/data/gho/data/indicators/indicator-details/GHO/estimated-malaria-mortality-rate-per-100-000-population,2020,2020,2020,AFR,Africa,ZWE,Zimbabwe,,,,24.13651041,24.14 [9.06-46.12],9.06243766,46.12253217
MALARIA_INDIG,Number of indigenous malaria cases,https://www.who.int/data/gho/data/indicators/indicator-details/GHO/number-of-indigenous-malaria-cases,2019,2019,2019,AFR,Africa,ZWE,Zimbabwe,,,,308173.0,308 173,,
MALARIA_PF_INDIG,Number of indigenous P. falciparum malaria cases,https://www.who.int/data/gho/data/indicators/indicator-details/GHO/number-of-indigenous-p.-falciparum-malaria-cases,2021,2021,2021,AFR,Africa,ZWE,Zimbabwe,,,,133137.0,133 137,,
MALARIA_PF_INDIG,Number of indigenous P. falciparum malaria cases,https://www.who.int/data/gho/data/indicators/indicator-details/GHO/number-of-indigenous-p.-falciparum-malaria-cases,2015,2015,2015,AFR,Africa,ZWE,Zimbabwe,,,,484614.0,484 614,,
MALARIA_EST_MORTALITY,Estimated malaria mortality rate (per 100 000 population),https://www.who.int/data/gho/data/indicators/indicator-details/GHO/estimated-malaria-mortality-rate-per-100-000-population,2019,2019,2019,AFR,Africa,ZWE,Zimbabwe,,,,16.65684415,16.66 [6.15-31.65],6.153593733,31.65174605
MALARIA_INDIG,Number of indigenous malaria cases,https://www.who.int/data/gho/data/indicators/indicator-details/GHO/number-of-indigenous-malaria-cases,2022,2022,2022,AFR,Africa,ZWE,Zimbabwe,,,,141076.0,141 076,,
MALARIA_SUSPECTS,Number of suspected malaria cases,https://www.who.int/data/gho/data/indicators/indicator-details/GHO/number-of-suspected-malaria-cases,2019,2019,2019,AFR,Africa,ZWE,Zimbabwe,,,,1324299.0,1 324 299,,
MALARIA_EST_INCIDENCE,Estimated malaria incidence (per 1000 population at risk),https://www.who.int/data/gho/data/indicators/indicator-details/GHO/malaria-incidence-%28per-1-000-population-at-risk%29,2007,2007,2007,AFR,Africa,ZWE,Zimbabwe,,,,167.623628,167.62 [72.05-292.20],72.05225565,292.2019071
MALARIA_TOTAL_CASES,Total number of  malaria cases (presumed + confirmed cases),https://www.who.int/data/gho/data/indicators/indicator-details/GHO/total-number-of-malaria-cases-presumed-confirmed-cases,2018,2018,2018,AFR,Africa,ZWE,Zimbabwe,,,,266789.0,266 789,,
MALARIA_EST_MORTALITY,Estimated malaria mortality rate (per 100 000 population),https://www.who.int/data/gho/data/indicators/indicator-details/GHO/estimated-malaria-mortality-rate-per-100-000-population,2004,2004,2004,AFR,Africa,ZWE,Zimbabwe,,,,26.26000797,26.26 [4.88-73.35],4.877922286,73.34829993
MALARIA_IMPORTED,Number of imported malaria cases,https://www.who.int/data/gho/data/indicators/indicator-details/GHO/number-of-imported-malaria-cases,2017,2017,2017,AFR,Africa,ZWE,Zimbabwe,,,,768.0,768,,
MALARIA_EST_MORTALITY,Estimated malaria mortality rate (per 100 000 population),https://www.who.int/data/gho/data/indicators/indicator-details/GHO/estimated-malaria-mortality-rate-per-100-000-population,2013,2013,2013,AFR,Africa,ZWE,Zimbabwe,,,,20.03651884,20.04 [8.35-35.72],8.346057414,35.72386252
MALARIA_EST_MORTALITY,Estimated malaria mortality rate (per 100 000 population),https://www.who.int/data/gho/data/indicators/indicator-details/GHO/estimated-malaria-mortality-rate-per-100-000-population,2023,2023,2023,AFR,Africa,ZWE,Zimbabwe,,,,12.64454966,12.64 [4.75-24.29],4.748506358,24.29451651
MALARIA_EST_MORTALITY,Estimated malaria mortality rate (per 100 000 population),https://www.who.int/data/gho/data/indicators/indicator-details/GHO/estimated-malaria-mortality-rate-per-100-000-population,2022,2022,2022,AFR,Africa,ZWE,Zimbabwe,,,,7.397333546,7.40 [2.72-14.09],2.718678141,14.09148573
MALARIA_TOTAL_CASES,Total number of  malaria cases (presumed + confirmed cases),https://www.who.int/data/gho/data/indicators/indicator-details/GHO/total-number-of-malaria-cases-presumed-confirmed-cases,2020,2020,2020,AFR,Africa,ZWE,Zimbabwe,,,,447381.0,447 381,,
MALARIA_CONF_CASES,Number of confirmed malaria cases,https://www.who.int/data/gho/data/indicators/indicator-details/GHO/number-confirmed-malaria-cases,2024,2024,2024,AFR,Africa,ZWE,Zimbabwe,,,,56672.0,56 672,,
MALARIA_EST_MORTALITY,Estimated malaria mortality rate (per 100 000 population),https://www.who.int/data/gho/data/indicators/indicator-details/GHO/estimated-malaria-mortality-rate-per-100-000-population,2018,2018,2018,AFR,Africa,ZWE,Zimbabwe,,,,13.71791589,13.72 [5.22-25.80],5.220241393,25.79732641
MALARIA_EST_INCIDENCE,Estimated malaria incidence (per 1000 population at risk),https://www.who.int/data/gho/data/indicators/indicator-details/GHO/malaria-incidence-%28per-1-000-population-at-risk%29,2005,2005,2005,AFR,Africa,ZWE,Zimbabwe,,,,102.5884477,102.59 [22.92-253.02],22.92300518,253.0204839
MALARIA_PF_INDIG,Number of indigenous P. falciparum malaria cases,https://www.who.int/data/gho/data/indicators/indicator-details/GHO/number-of-indigenous-p.-falciparum-malaria-cases,2023,2023,2023,AFR,Africa,ZWE,Zimbabwe,,,,246154.0,246 154,,
MALARIA_PRES_CASES,Number of presumed malaria cases,https://www.who.int/data/gho/data/indicators/indicator-details/GHO/number-of-presumed-malaria-cases,2017,2017,2017,AFR,Africa,ZWE,Zimbabwe,,,,295271.0,295 271,,
MALARIA_RDT_POS,Number of malaria positive cases by rapid diagnostic test (RDT),https://www.who.int/data/gho/data/indicators/indicator-details/GHO/number-of-malaria-positive-cases-by-rapid-diagnostic-test-rdt,2018,2018,2018,AFR,Africa,ZWE,Zimbabwe,,,,264018.0,264 018,,
MALARIA_PF_INDIG,Number of indigenous P. falciparum malaria cases,https://www.who.int/data/gho/data/indicators/indicator-details/GHO/number-of-indigenous-p.-falciparum-malaria-cases,2020,2020,2020,AFR,Africa,ZWE,Zimbabwe,,,,447381.0,447 381,,
MALARIA_SUSPECTS,Number of suspected malaria cases,https://www.who.int/data/gho/data/indicators/indicator-details/GHO/number-of-suspected-malaria-cases,2024,2024,2024,AFR,Africa,ZWE,Zimbabwe,,,,773670.0,773 670,,
MALARIA_MICR_POS,Number of malaria positive cases by microscopy,https://www.who.int/data/gho/data/indicators/indicator-details/GHO/number-of-malaria-positive-cases-by-microscopy,2015,2015,2015,AFR,Africa,ZWE,Zimbabwe,,,,2415.0,2415,,
MALARIA_CONF_CASES,Number of confirmed malaria cases,https://www.who.int/data/gho/data/indicators/indicator-details/GHO/number-confirmed-malaria-cases,2022,2022,2022,AFR,Africa,ZWE,Zimbabwe,,,,141076.0,141 076,,
MALARIA_CONF_CASES,Number of confirmed malaria cases,https://www.who.int/data/gho/data/indicators/indicator-details/GHO/number-confirmed-malaria-cases,2023,2023,2023,AFR,Africa,ZWE,Zimbabwe,,,,248699.0,248 699,,
MALARIA_EST_INCIDENCE,Estimated malaria incidence (per 1000 population at risk),https://www.who.int/data/gho/data/indicators/indicator-details/GHO/malaria-incidence-%28per-1-000-population-at-risk%29,2011,2011,2011,AFR,Africa,ZWE,Zimbabwe,,,,67.44538249,67.45 [44.33-93.00],44.33334037,93.00385516
MALARIA_PF_INDIG,Number of indigenous P. falciparum malaria cases,https://www.who.int/data/gho/data/indicators/indicator-details/GHO/number-of-indigenous-p.-falciparum-malaria-cases,2018,2018,2018,AFR,Africa,ZWE,Zimbabwe,,,,266117.0,266 117,,
MALARIA_INDIG,Number of indigenous malaria cases,https://www.who.int/data/gho/data/indicators/indicator-details/GHO/number-of-indigenous-malaria-cases,2023,2023,2023,AFR,Africa,ZWE,Zimbabwe,,,,246154.0,246 154,,
MALARIA_EST_MORTALITY,Estimated malaria mortality rate (per 100 000 population),https://www.who.int/data/gho/data/indicators/indicator-details/GHO/estimated-malaria-mortality-rate-per-100-000-population,2016,2016,2016,AFR,Africa,ZWE,Zimbabwe,,,,16.93534603,16.94 [6.73-31.22],6.732387175,31.21840116
MALARIA_TOTAL_CASES,Total number of  malaria cases (presumed + confirmed cases),https://www.who.int/data/gho/data/indicators/indicator-details/GHO/total-number-of-malaria-cases-presumed-confirmed-cases,2023,2023,2023,AFR,Africa,ZWE,Zimbabwe,,,,248699.0,248 699,,
MALARIA_TOTAL_CASES,Total number of  malaria cases (presumed + confirmed cases),https://www.who.int/data/gho/data/indicators/indicator-details/GHO/total-number-of-malaria-cases-presumed-confirmed-cases,2021,2021,2021,AFR,Africa,ZWE,Zimbabwe,,,,133137.0,133 137,,
MALARIA_EST_MORTALITY,Estimated malaria mortality rate (per 100 000 population),https://www.who.int/data/gho/data/indicators/indicator-details/GHO/estimated-malaria-mortality-rate-per-100-000-population,2015,2015,2015,AFR,Africa,ZWE,Zimbabwe,,,,24.08677731,24.09 [9.73-43.90],9.72820043,43.90478852
MALARIA_TOTAL_CASES,Total number of  malaria cases (presumed + confirmed cases),https://www.who.int/data/gho/data/indicators/indicator-details/GHO/total-number-of-malaria-cases-presumed-confirmed-cases,2022,2022,2022,AFR,Africa,ZWE,Zimbabwe,,,,141076.0,141 076,,
MALARIA_TOTAL_CASES,Total number of  malaria cases (presumed + confirmed cases),https://www.who.int/data/gho/data/indicators/indicator-details/GHO/total-number-of-malaria-cases-presumed-confirmed-cases,2016,2016,2016,AFR,Africa,ZWE,Zimbabwe,,,,384029.0,384 029,,
MALARIA_CONF_CASES,Number of confirmed malaria cases,https://www.who.int/data/gho/data/indicators/indicator-details/GHO/number-confirmed-malaria-cases,2020,2020,2020,AFR,Africa,ZWE,Zimbabwe,,,,447381.0,447 381,,
MALARIA_EST_MORTALITY,Estimated malaria mortality rate (per 100 000 population),https://www.who.int/data/gho/data/indicators/indicator-details/GHO/estimated-malaria-mortality-rate-per-100-000-population,2011,2011,2011,AFR,Africa,ZWE,Zimbabwe,,,,17.26231138,17.26 [6.80-31.72],6.800304482,31.72253301
MALARIA_IMPORTED,Number of imported malaria cases,https://www.who.int/data/gho/data/indicators/indicator-details/GHO/number-of-imported-malaria-cases,2015,2015,2015,AFR,Africa,ZWE,Zimbabwe,,,,180.0,180,,
MALARIA_EST_MORTALITY,Estimated malaria mortality rate (per 100 000 population),https://www.who.int/data/gho/data/indicators/indicator-details/GHO/estimated-malaria-mortality-rate-per-100-000-population,2017,2017,2017,AFR,Africa,ZWE,Zimbabwe,,,,29.35591544,29.36 [11.37-55.53],11.36855837,55.53124947
MALARIA_PRES_CASES,Number of presumed malaria cases,https://www.who.int/data/gho/data/indicators/indicator-details/GHO/number-of-presumed-malaria-cases,2015,2015,2015,AFR,Africa,ZWE,Zimbabwe,,,,0.0,0,,
MALARIA_SUSPECTS,Number of suspected malaria cases,https://www.who.int/data/gho/data/indicators/indicator-details/GHO/number-of-suspected-malaria-cases,2022,2022,2022,AFR,Africa,ZWE,Zimbabwe,,,,985957.0,985 957,,
MALARIA_TOTAL_CASES,Total number of  malaria cases (presumed + confirmed cases),https://www.who.int/data/gho/data/indicators/indicator-details/GHO/total-number-of-malaria-cases-presumed-confirmed-cases,2017,2017,2017,AFR,Africa,ZWE,Zimbabwe,,,,767069.0,767 069,,
MALARIA_EST_MORTALITY,Estimated malaria mortality rate (per 100 000 population),https://www.who.int/data/gho/data/indicators/indicator-details/GHO/estimated-malaria-mortality-rate-per-100-000-population,2009,2009,2009,AFR,Africa,ZWE,Zimbabwe,,,,18.89073781,18.89 [5.67-40.57],5.672052733,40.57450261
MALARIA_EST_INCIDENCE,Estimated malaria incidence (per 1000 population at risk),https://www.who.int/data/gho/data/indicators/indicator-details/GHO/malaria-incidence-%28per-1-000-population-at-risk%29,2003,2003,2003,AFR,Africa,ZWE,Zimbabwe,,,,102.5885322,102.59 [23.63-256.36],23.63039956,256.3588104
MALARIA_RDT_POS,Number of malaria positive cases by rapid diagnostic test (RDT),https://www.who.int/data/gho/data/indicators/indicator-details/GHO/number-of-malaria-positive-cases-by-rapid-diagnostic-test-rdt,2022,2022,2022,AFR,Africa,ZWE,Zimbabwe,,,,141076.0,141 076,,
MALARIA_RDT_POS,Number of malaria positive cases by rapid diagnostic test (RDT),https://www.who.int/data/gho/data/indicators/indicator-details/GHO/number-of-malaria-positive-cases-by-rapid-diagnostic-test-rdt,2021,2021,2021,AFR,Africa,ZWE,Zimbabwe,,,,133137.0,133 137,,
MALARIA_PRES_CASES,Number of presumed malaria cases,https://www.who.int/data/gho/data/indicators/indicator-details/GHO/number-of-presumed-malaria-cases,2018,2018,2018,AFR,Africa,ZWE,Zimbabwe,,,,0.0,0,,
MALARIA_INDIG,Number of indigenous malaria cases,https://www.who.int/data/gho/data/indicators/indicator-details/GHO/number-of-indigenous-malaria-cases,2017,2017,2017,AFR,Africa,ZWE,Zimbabwe,,,,471030.0,471 030,,
MALARIA_CONF_CASES,Number of confirmed malaria cases,https://www.who.int/data/gho/data/indicators/indicator-details/GHO/number-confirmed-malaria-cases,2018,2018,2018,AFR,Africa,ZWE,Zimbabwe,,,,266789.0,266 789,,
MALARIA_EST_INCIDENCE,Estimated malaria incidence (per 1000 population at risk),https://www.who.int/data/gho/data/indicators/indicator-details/GHO/malaria-incidence-%28per-1-000-population-at-risk%29,2017,2017,2017,AFR,Africa,ZWE,Zimbabwe,,,,114.7046387,114.70 [71.59-165.81],71.59187596,165.8095965
MALARIA_INDIG,Number of indigenous malaria cases,https://www.who.int/data/gho/data/indicators/indicator-details/GHO/number-of-indigenous-malaria-cases,2015,2015,2015,AFR,Africa,ZWE,Zimbabwe,,,,484614.0,484 614,,
MALARIA_IMPORTED,Number of imported malaria cases,https://www.who.int/data/gho/data/indicators/indicator-details/GHO/number-of-imported-malaria-cases,2016,2016,2016,AFR,Africa,ZWE,Zimbabwe,,,,358.0,358,,
MALARIA_RDT_POS,Number of malaria positive cases by rapid diagnostic test (RDT),https://www.who.int/data/gho/data/indicators/indicator-details/GHO/number-of-malaria-positive-cases-by-rapid-diagnostic-test-rdt,2020,2020,2020,AFR,Africa,ZWE,Zimbabwe,,,,447381.0,447 381,,
MALARIA_PRES_CASES,Number of presumed malaria cases,https://www.who.int/data/gho/data/indicators/indicator-details/GHO/number-of-presumed-malaria-cases,2020,2020,2020,AFR,Africa,ZWE,Zimbabwe,,,,0.0,0,,
MALARIA_PF_INDIG,Number of indigenous P. falciparum malaria cases,https://www.who.int/data/gho/data/indicators/indicator-details/GHO/number-of-indigenous-p.-falciparum-malaria-cases,2024,2024,2024,AFR,Africa,ZWE,Zimbabwe,,,,56058.0,56 058,,
MALARIA_EST_INCIDENCE,Estimated malaria incidence (per 1000 population at risk),https://www.who.int/data/gho/data/indicators/indicator-details/GHO/malaria-incidence-%28per-1-000-population-at-risk%29,2000,2000,2000,AFR,Africa,ZWE,Zimbabwe,,,,102.5884426,102.59 [24.95-254.90],24.95360485,254.8972515
MALARIA_EST_INCIDENCE,Estimated malaria incidence (per 1000 population at risk),https://www.who.int/data/gho/data/indicators/indicator-details/GHO/malaria-incidence-%28per-1-000-population-at-risk%29,2021,2021,2021,AFR,Africa,ZWE,Zimbabwe,,,,27.53749473,27.54 [16.35-39.46],16.35279069,39.45940353
MALARIA_INDIG,Number of indigenous malaria cases,https://www.who.int/data/gho/data/indicators/indicator-details/GHO/number-of-indigenous-malaria-cases,2021,2021,2021,AFR,Africa,ZWE,Zimbabwe,,,,133137.0,133 137,,
MALARIA_EST_MORTALITY,Estimated malaria mortality rate (per 100 000 population),https://www.who.int/data/gho/data/indicators/indicator-details/GHO/estimated-malaria-mortality-rate-per-100-000-population,2006,2006,2006,AFR,Africa,ZWE,Zimbabwe,,,,26.26057546,26.26 [4.86-73.19],4.864186193,73.19494724
MALARIA_RDT_POS,Number of malaria positive cases by rapid diagnostic test (RDT),https://www.who.int/data/gho/data/indicators/indicator-details/GHO/number-of-malaria-positive-cases-by-rapid-diagnostic-test-rdt,2024,2024,2024,AFR,Africa,ZWE,Zimbabwe,,,,56672.0,56 672,,
MALARIA_EST_INCIDENCE,Estimated malaria incidence (per 1000 population at risk),https://www.who.int/data/gho/data/indicators/indicator-details/GHO/malaria-incidence-%28per-1-000-population-at-risk%29,2012,2012,2012,AFR,Africa,ZWE,Zimbabwe,,,,54.46025519,54.46 [37.23-72.85],37.23099198,72.85474842
MALARIA_EST_INCIDENCE,Estimated malaria incidence (per 1000 population at risk),https://www.who.int/data/gho/data/indicators/indicator-details/GHO/malaria-incidence-%28per-1-000-population-at-risk%29,2001,2001,2001,AFR,Africa,ZWE,Zimbabwe,,,,102.5885441,102.59 [23.31-254.01],23.31272638,254.0148332
MALARIA_RDT_POS,Number of malaria positive cases by rapid diagnostic test (RDT),https://www.who.int/data/gho/data/indicators/indicator-details/GHO/number-of-malaria-positive-cases-by-rapid-diagnostic-test-rdt,2023,2023,2023,AFR,Africa,ZWE,Zimbabwe,,,,248699.0,248 699,,
MALARIA_EST_INCIDENCE,Estimated malaria incidence (per 1000 population at risk),https://www.who.int/data/gho/data/indicators/indicator-details/GHO/malaria-incidence-%28per-1-000-population-at-risk%29,2002,2002,2002,AFR,Africa,ZWE,Zimbabwe,,,,102.5884878,102.59 [23.23-250.88],23.22912954,250.8838645
MALARIA_MICR_TEST,Number of malaria suspects examined by microscopy,https://www.who.int/data/gho/data/indicators/indicator-details/GHO/number-of-malaria-suspects-examined-by-microscopy,2016,2016,2016,AFR,Africa,ZWE,Zimbabwe,,,,102566.0,102 566,,
MALARIA_SUSPECTS,Number of suspected malaria cases,https://www.who.int/data/gho/data/indicators/indicator-details/GHO/number-of-suspected-malaria-cases,2021,2021,2021,AFR,Africa,ZWE,Zimbabwe,,,,922001.0,922 001,,
MALARIA_INDIG,Number of indigenous malaria cases,https://www.who.int/data/gho/data/indicators/indicator-details/GHO/number-of-indigenous-malaria-cases,2020,2020,2020,AFR,Africa,ZWE,Zimbabwe,,,,447381.0,447 381,,
MALARIA_MICR_POS,Number of malaria positive cases by microscopy,https://www.who.int/data/gho/data/indicators/indicator-details/GHO/number-of-malaria-positive-cases-by-microscopy,2017,2017,2017,AFR,Africa,ZWE,Zimbabwe,,,,3522.0,3522,,
MALARIA_RDT_POS,Number of malaria positive cases by rapid diagnostic test (RDT),https://www.who.int/data/gho/data/indicators/indicator-details/GHO/number-of-malaria-positive-cases-by-rapid-diagnostic-test-rdt,2019,2019,2019,AFR,Africa,ZWE,Zimbabwe,,,,308173.0,308 173,,
MALARIA_EST_MORTALITY,Estimated malaria mortality rate (per 100 000 population),https://www.who.int/data/gho/data/indicators/indicator-details/GHO/estimated-malaria-mortality-rate-per-100-000-population,2014,2014,2014,AFR,Africa,ZWE,Zimbabwe,,,,25.01059911,25.01 [10.57-43.68],10.57430789,43.68385387
MALARIA_RDT_POS,Number of malaria positive cases by rapid diagnostic test (RDT),https://www.who.int/data/gho/data/indicators/indicator-details/GHO/number-of-malaria-positive-cases-by-rapid-diagnostic-test-rdt,2016,2016,2016,AFR,Africa,ZWE,Zimbabwe,,,,314003.0,314 003,,
MALARIA_INDIG,Number of indigenous malaria cases,https://www.who.int/data/gho/data/indicators/indicator-details/GHO/number-of-indigenous-malaria-cases,2016,2016,2016,AFR,Africa,ZWE,Zimbabwe,,,,316631.0,316 631,,
MALARIA_SUSPECTS,Number of suspected malaria cases,https://www.who.int/data/gho/data/indicators/indicator-details/GHO/number-of-suspected-malaria-cases,2016,2016,2016,AFR,Africa,ZWE,Zimbabwe,,,,1499675.0,1 499 675,,
MALARIA_PRES_CASES,Number of presumed malaria cases,https://www.who.int/data/gho/data/indicators/indicator-details/GHO/number-of-presumed-malaria-cases,2016,2016,2016,AFR,Africa,ZWE,Zimbabwe,,,,67040.0,67 040,,
MALARIA_TOTAL_CASES,Total number of  malaria cases (presumed + confirmed cases),https://www.who.int/data/gho/data/indicators/indicator-details/GHO/total-number-of-malaria-cases-presumed-confirmed-cases,2024,2024,2024,AFR,Africa,ZWE,Zimbabwe,,,,56672.0,56 672,,
MALARIA_EST_INCIDENCE,Estimated malaria incidence (per 1000 population at risk),https://www.who.int/data/gho/data/indicators/indicator-details/GHO/malaria-incidence-%28per-1-000-population-at-risk%29,2024,2024,2024,AFR,Africa,ZWE,Zimbabwe,,,,11.36272542,11.36 [6.83-16.36],6.827783476,16.36238798
MALARIA_CONF_CASES,Number of confirmed malaria cases,https://www.who.int/data/gho/data/indicators/indicator-details/GHO/number-confirmed-malaria-cases,2019,2019,2019,AFR,Africa,ZWE,Zimbabwe,,,,308173.0,308 173,,
MALARIA_EST_INCIDENCE,Estimated malaria incidence (per 1000 population at risk),https://www.who.int/data/gho/data/indicators/indicator-details/GHO/malaria-incidence-%28per-1-000-population-at-risk%29,2019,2019,2019,AFR,Africa,ZWE,Zimbabwe,,,,65.09225256,65.09 [39.08-93.49],39.08498957,93.49224667
MALARIA_INDIG,Number of indigenous malaria cases,https://www.who.int/data/gho/data/indicators/indicator-details/GHO/number-of-indigenous-malaria-cases,2018,2018,2018,AFR,Africa,ZWE,Zimbabwe,,,,266117.0,266 117,,
MALARIA_EST_MORTALITY,Estimated malaria mortality rate (per 100 000 population),https://www.who.int/data/gho/data/indicators/indicator-details/GHO/estimated-malaria-mortality-rate-per-100-000-population,2001,2001,2001,AFR,Africa,ZWE,Zimbabwe,,,,26.2543813,26.25 [4.75-76.46],4.752043015,76.46363137
MALARIA_EST_INCIDENCE,Estimated malaria incidence (per 1000 population at risk),https://www.who.int/data/gho/data/indicators/indicator-details/GHO/malaria-incidence-%28per-1-000-population-at-risk%29,2015,2015,2015,AFR,Africa,ZWE,Zimbabwe,,,,94.11756094,94.12 [64.15-128.16],64.14672613,128.1554781
MALARIA_PF_INDIG,Number of indigenous P. falciparum malaria cases,https://www.who.int/data/gho/data/indicators/indicator-details/GHO/number-of-indigenous-p.-falciparum-malaria-cases,2019,2019,2019,AFR,Africa,ZWE,Zimbabwe,,,,308173.0,308 173,,
MALARIA_RDT_POS,Number of malaria positive cases by rapid diagnostic test (RDT),https://www.who.int/data/gho/data/indicators/indicator-details/GHO/number-of-malaria-positive-cases-by-rapid-diagnostic-test-rdt,2017,2017,2017,AFR,Africa,ZWE,Zimbabwe,,,,468276.0,468 276,,
MALARIA_CONF_CASES,Number of confirmed malaria cases,https://www.who.int/data/gho/data/indicators/indicator-details/GHO/number-confirmed-malaria-cases,2016,2016,2016,AFR,Africa,ZWE,Zimbabwe,,,,316989.0,316 989,,
MALARIA_EST_MORTALITY,Estimated malaria mortality rate (per 100 000 population),https://www.who.int/data/gho/data/indicators/indicator-details/GHO/estimated-malaria-mortality-rate-per-100-000-population,2005,2005,2005,AFR,Africa,ZWE,Zimbabwe,,,,26.25691635,26.26 [4.86-74.98],4.8627687,74.9774334
MALARIA_MICR_POS,Number of malaria positive cases by microscopy,https://www.who.int/data/gho/data/indicators/indicator-details/GHO/number-of-malaria-positive-cases-by-microscopy,2016,2016,2016,AFR,Africa,ZWE,Zimbabwe,,,,2986.0,2986,,
MALARIA_CONF_CASES,Number of confirmed malaria cases,https://www.who.int/data/gho/data/indicators/indicator-details/GHO/number-confirmed-malaria-cases,2017,2017,2017,AFR,Africa,ZWE,Zimbabwe,,,,471798.0,471 798,,
